,Unnamed: 0,ds,trend,yhat_lower,yhat_upper,trend_lower,trend_upper,additive_terms,additive_terms_lower,additive_terms_upper,daily,daily_lower,daily_upper,weekly,weekly_lower,weekly_upper,yearly,yearly_lower,yearly_upper,multiplicative_terms,multiplicative_terms_lower,multiplicative_terms_upper,yhat
46257,46257,2020-01-01 21:00:00,4065.396157355305,2849.621426252081,8216.140297002892,2991.2388195669355,5237.638798970945,1478.7432399563716,1478.7432399563716,1478.7432399563716,191.56448315593934,191.56448315593934,191.56448315593934,54.244834836751785,54.244834836751785,54.244834836751785,1232.9339219636806,1232.9339219636806,1232.9339219636806,0.0,0.0,0.0,5544.139397311677
46258,46258,2020-01-02 21:00:00,4067.129546233883,2611.881014646561,7752.109299511875,2984.987647711478,5249.099371834275,1257.40272645719,1257.40272645719,1257.40272645719,191.5644831563077,191.5644831563077,191.5644831563077,-155.6691583602581,-155.6691583602581,-155.6691583602581,1221.5074016611404,1221.5074016611404,1221.5074016611404,0.0,0.0,0.0,5324.532272691073
46259,46259,2020-01-03 21:00:00,4068.862935112461,2715.73737763216,8234.815832703445,2978.7364758560248,5259.394142775627,1308.658310096881,1308.658310096881,1308.658310096881,191.56448315565305,191.56448315565305,191.56448315565305,-91.70533900766176,-91.70533900766176,-91.70533900766176,1208.7991659488898,1208.7991659488898,1208.7991659488898,0.0,0.0,0.0,5377.521245209342
46260,46260,2020-01-04 21:00:00,4070.59632399104,2917.549944019392,8251.125150983922,2972.4853040005682,5270.522636628017,1528.272632584377,1528.272632584377,1528.272632584377,191.5644831560213,191.5644831560213,191.5644831560213,141.38736416682798,141.38736416682798,141.38736416682798,1195.320785261528,1195.320785261528,1195.320785261528,0.0,0.0,0.0,5598.8689565754175
46261,46261,2020-01-05 21:00:00,4072.3297128696186,3204.068134036404,8179.791393874436,2966.2341321451104,5281.291239811994,1575.194477458875,1575.194477458875,1575.194477458875,191.56448315601418,191.56448315601418,191.56448315601418,202.04775599269504,202.04775599269504,202.04775599269504,1181.582238310166,1181.582238310166,1181.582238310166,0.0,0.0,0.0,5647.524190328493
46262,46262,2020-01-06 21:00:00,4074.063101748197,2449.7075438297634,8110.015491888023,2959.9829602896557,5292.059842995973,1324.6726227240736,1324.6726227240736,1324.6726227240736,191.56448315573502,191.56448315573502,191.56448315573502,-34.96917448154718,-34.96917448154718,-34.96917448154718,1168.0773140498857,1168.0773140498857,1168.0773140498857,0.0,0.0,0.0,5398.735724472271
46263,46263,2020-01-07 21:00:00,4075.796490626776,2597.554133068465,7910.219099543578,2953.731788434199,5302.828446179953,1231.4980071495775,1231.4980071495775,1231.4980071495775,191.56448315610334,191.56448315610334,191.56448315610334,-115.33628314645917,-115.33628314645917,-115.33628314645917,1155.2698071399334,1155.2698071399334,1155.2698071399334,0.0,0.0,0.0,5307.294497776354
46264,46264,2020-01-08 21:00:00,4077.5298795053545,2659.4155345561912,8305.319073465736,2947.4806165787427,5311.389810810249,1389.390216840654,1389.390216840654,1389.390216840654,191.56448315609614,191.56448315609614,191.56448315609614,54.24483483675804,54.24483483675804,54.24483483675804,1143.5808988477995,1143.5808988477995,1143.5808988477995,0.0,0.0,0.0,5466.920096346008
46265,46265,2020-01-09 21:00:00,4079.263268383933,2583.6593683194988,8001.885033911124,2941.2294447232885,5319.674368501255,1169.2734000208275,1169.2734000208275,1169.2734000208275,191.56448315581704,191.56448315581704,191.56448315581704,-155.66915835976747,-155.66915835976747,-155.66915835976747,1133.378075224778,1133.378075224778,1133.378075224778,0.0,0.0,0.0,5248.53666840476
46266,46266,2020-01-10 21:00:00,4080.996657262511,2708.6756746463875,8004.057375706976,2934.9782728678333,5327.958926192265,1224.825028636351,1224.825028636351,1224.825028636351,191.56448315580985,191.56448315580985,191.56448315580985,-91.70533900833168,-91.70533900833168,-91.70533900833168,1124.9658844888727,1124.9658844888727,1124.9658844888727,0.0,0.0,0.0,5305.821685898863
46267,46267,2020-01-11 21:00:00,4082.73004614109,2899.2099490959595,8325.474251313903,2928.727101012377,5336.243483883272,1451.5306247264791,1451.5306247264791,1451.5306247264791,191.56448315617814,191.56448315617814,191.56448315617814,141.38736416680564,141.38736416680564,141.38736416680564,1118.5787774034957,1118.5787774034957,1118.5787774034957,0.0,0.0,0.0,5534.260670867569
46268,46268,2020-01-12 21:00:00,4084.4634350196693,3038.5946076007726,8329.331269663437,2920.35662244669,5344.451036555796,1507.9884489894207,1507.9884489894207,1507.9884489894207,191.564483156171,191.564483156171,191.564483156171,202.0477559927943,202.0477559927943,202.0477559927943,1114.3762098404554,1114.3762098404554,1114.3762098404554,0.0,0.0,0.0,5592.45188400909
46269,46269,2020-01-13 21:00:00,4086.196823898247,2623.4274948384705,8073.54165692211,2910.7601293536445,5352.433047205706,1269.0354262643311,1269.0354262643311,1269.0354262643311,191.56448315589185,191.56448315589185,191.56448315589185,-34.969174481636486,-34.969174481636486,-34.969174481636486,1112.4401175900757,1112.4401175900757,1112.4401175900757,0.0,0.0,0.0,5355.232250162579
46270,46270,2020-01-14 21:00:00,4087.930212776825,2764.8862590113786,7967.477340347364,2906.2843953369897,5360.415057855614,1189.0030019080466,1189.0030019080466,1189.0030019080466,191.56448315588472,191.56448315588472,191.56448315588472,-115.3362831464138,-115.3362831464138,-115.3362831464138,1112.7748018985758,1112.7748018985758,1112.7748018985758,0.0,0.0,0.0,5276.933214684872
46271,46271,2020-01-15 21:00:00,4089.663601655404,2889.990213233379,8060.014209946845,2901.8086613203322,5368.397068505525,1361.1185102749648,1361.1185102749648,1361.1185102749648,191.564483156253,191.564483156253,191.564483156253,54.24483483669721,54.24483483669721,54.24483483669721,1115.3091922820147,1115.3091922820147,1115.3091922820147,0.0,0.0,0.0,5450.782111930369
46272,46272,2020-01-16 21:00:00,4091.396990533983,2797.776861336009,8042.08018532359,2894.0411543098876,5376.379079155435,1155.7967077905118,1155.7967077905118,1155.7967077905118,191.56448315559837,191.56448315559837,191.56448315559837,-155.6691583598039,-155.6691583598039,-155.6691583598039,1119.9013829947176,1119.9013829947176,1119.9013829947176,0.0,0.0,0.0,5247.193698324494
46273,46273,2020-01-17 21:00:00,4093.1303794125624,2880.921050616248,8114.374381352403,2883.652640475168,5384.361089805345,1226.2044172956046,1226.2044172956046,1226.2044172956046,191.5644831559666,191.5644831559666,191.5644831559666,-91.70533900804544,-91.70533900804544,-91.70533900804544,1126.345273147683,1126.345273147683,1126.345273147683,0.0,0.0,0.0,5319.334796708166
46274,46274,2020-01-18 21:00:00,4094.863768291141,2937.926852729437,8348.841444817843,2877.560707427924,5392.343100455254,1467.3309271137489,1467.3309271137489,1467.3309271137489,191.56448315595952,191.56448315595952,191.56448315595952,141.38736416733317,141.38736416733317,141.38736416733317,1134.3790797904558,1134.3790797904558,1134.3790797904558,0.0,0.0,0.0,5562.194695404889
46275,46275,2020-01-19 21:00:00,4096.597157169719,2991.191872076289,8377.901553928912,2873.289127837215,5400.325111105165,1537.3076791545845,1537.3076791545845,1537.3076791545845,191.5644831563278,191.5644831563278,191.5644831563278,202.04775599258872,202.04775599258872,202.04775599258872,1143.6954400056682,1143.6954400056682,1143.6954400056682,0.0,0.0,0.0,5633.904836324305
46276,46276,2020-01-20 21:00:00,4098.330546048297,2469.330027802293,8121.680289847325,2867.4377976630385,5408.3071217550705,1310.5480823860225,1310.5480823860225,1310.5480823860225,191.56448315567317,191.56448315567317,191.56448315567317,-34.96917448172581,-34.96917448172581,-34.96917448172581,1153.9527737120752,1153.9527737120752,1153.9527737120752,0.0,0.0,0.0,5408.8786284343205
46277,46277,2020-01-21 21:00:00,4100.063934926876,2795.583352375142,8008.297733346081,2863.288455935723,5416.289132404982,1241.0157446543997,1241.0157446543997,1241.0157446543997,191.5644831560415,191.5644831560415,191.5644831560415,-115.33628314685566,-115.33628314685566,-115.33628314685566,1164.7875446452135,1164.7875446452135,1164.7875446452135,0.0,0.0,0.0,5341.079679581275
46278,46278,2020-01-22 21:00:00,4101.797323805455,2935.205770328741,8295.839577561235,2856.636990270877,5424.271143054892,1421.6363517892066,1421.6363517892066,1421.6363517892066,191.56448315603438,191.56448315603438,191.56448315603438,54.24483483677059,54.24483483677059,54.24483483677059,1175.827033796401,1175.827033796401,1175.827033796401,0.0,0.0,0.0,5523.433675594661
46279,46279,2020-01-23 21:00:00,4103.5307126840335,2615.8598370654795,8218.096715297286,2848.925722318049,5432.253153704803,1222.59755281173,1222.59755281173,1222.59755281173,191.5644831557552,191.5644831557552,191.5644831557552,-155.66915835997744,-155.66915835997744,-155.66915835997744,1186.7022280159524,1186.7022280159524,1186.7022280159524,0.0,0.0,0.0,5326.128265495763
46280,46280,2020-01-24 21:00:00,4105.264101562612,2618.557089373475,8161.096806809928,2844.6050639114565,5440.235164354712,1296.91957091234,1296.91957091234,1296.91957091234,191.56448315612352,191.56448315612352,191.56448315612352,-91.70533900794987,-91.70533900794987,-91.70533900794987,1197.0604267641659,1197.0604267641659,1197.0604267641659,0.0,0.0,0.0,5402.183672474952
46281,46281,2020-01-25 21:00:00,4106.997490441191,2973.2750806995978,8411.432320852662,2840.3021003781505,5448.217175004622,1539.5290293279636,1539.5290293279636,1539.5290293279636,191.5644831561163,191.5644831561163,191.5644831561163,141.3873641673109,141.3873641673109,141.3873641673109,1206.5771820045359,1206.5771820045359,1206.5771820045359,0.0,0.0,0.0,5646.526519769154
46282,46282,2020-01-26 21:00:00,4108.730879319769,2945.600831662765,8336.84468054972,2832.48120444088,5456.199185654529,1608.5794486679915,1608.5794486679915,1608.5794486679915,191.56448315583717,191.56448315583717,191.56448315583717,202.04775599343787,202.04775599343787,202.04775599343787,1214.9672095187163,1214.9672095187163,1214.9672095187163,0.0,0.0,0.0,5717.310327987761
46283,46283,2020-01-27 21:00:00,4110.464268198347,2741.100344115548,8203.28743721063,2824.5988902359227,5464.181196304439,1378.5892523794598,1378.5892523794598,1378.5892523794598,191.56448315583,191.56448315583,191.56448315583,-34.969174481815124,-34.969174481815124,-34.969174481815124,1221.993943705445,1221.993943705445,1221.993943705445,0.0,0.0,0.0,5489.053520577807
46284,46284,2020-01-28 21:00:00,4112.197657076927,3020.3340998824506,8218.985715554321,2822.457179469627,5472.670616019771,1303.7056511150633,1303.7056511150633,1303.7056511150633,191.56448315619832,191.56448315619832,191.56448315619832,-115.33628314662089,-115.33628314662089,-115.33628314662089,1227.4774511054854,1227.4774511054854,1227.4774511054854,0.0,0.0,0.0,5415.903308191989
46285,46285,2020-01-29 21:00:00,4113.9310459555045,2872.466630196545,8384.421854734963,2811.4306183651124,5483.557761540852,1477.1097871317832,1477.1097871317832,1477.1097871317832,191.5644831561912,191.5644831561912,191.5644831561912,54.24483483670976,54.24483483670976,54.24483483670976,1231.300469138882,1231.300469138882,1231.300469138882,0.0,0.0,0.0,5591.040833087288
46286,46286,2020-01-30 21:00:00,4115.664434834083,2716.555647144416,7917.336623124242,2806.5943950151336,5494.444907061935,1269.3077190481565,1269.3077190481565,1269.3077190481565,191.56448315591203,191.56448315591203,191.56448315591203,-155.66915836008243,-155.66915836008243,-155.66915836008243,1233.4123942523267,1233.4123942523267,1233.4123942523267,0.0,0.0,0.0,5384.97215388224
46287,46287,2020-01-31 21:00:00,4117.397823712661,2654.1219856016423,8047.062604636538,2803.7036639032585,5505.332052583015,1333.6902502686191,1333.6902502686191,1333.6902502686191,191.5644831559048,191.5644831559048,191.5644831559048,-91.70533900785419,-91.70533900785419,-91.70533900785419,1233.8311061205686,1233.8311061205686,1233.8311061205686,0.0,0.0,0.0,5451.08807398128
46288,46288,2020-02-01 21:00:00,4119.13121259124,3188.8460991751936,8285.593958986223,2797.452492047801,5516.219198104097,1565.5944271561611,1565.5944271561611,1565.5944271561611,191.56448315627307,191.56448315627307,191.56448315627307,141.38736416651685,141.38736416651685,141.38736416651685,1232.642579833371,1232.642579833371,1232.642579833371,0.0,0.0,0.0,5684.725639747401
46289,46289,2020-02-02 21:00:00,4120.864601469819,2971.758966271599,8496.794780377313,2791.2013201923482,5526.608035631715,1623.610543345946,1623.610543345946,1623.610543345946,191.56448315561852,191.56448315561852,191.56448315561852,202.04775599292756,202.04775599292756,202.04775599292756,1229.9983041974,1229.9983041974,1229.9983041974,0.0,0.0,0.0,5744.475144815766
46290,46290,2020-02-03 21:00:00,4122.597990348398,2642.410773148893,8169.085973486963,2784.9501483368895,5534.976508209273,1382.7058981071539,1382.7058981071539,1382.7058981071539,191.56448315598684,191.56448315598684,191.56448315598684,-34.969174482178715,-34.969174482178715,-34.969174482178715,1226.110589433346,1226.110589433346,1226.110589433346,0.0,0.0,0.0,5505.303888455552
46291,46291,2020-02-04 21:00:00,4124.3313792269755,2617.523959663973,8137.53812020198,2778.698976481433,5543.344980786826,1297.4741097562144,1297.4741097562144,1297.4741097562144,191.5644831559797,191.5644831559797,191.5644831559797,-115.33628314676498,-115.33628314676498,-115.33628314676498,1221.2459097469998,1221.2459097469998,1221.2459097469998,0.0,0.0,0.0,5421.805488983191
46292,46292,2020-02-05 21:00:00,4126.064768105554,2886.2837592850537,8443.767890759014,2772.447804625976,5551.521594759322,1461.5258016958428,1461.5258016958428,1461.5258016958428,191.56448315570046,191.56448315570046,191.56448315570046,54.24483483669852,54.24483483669852,54.24483483669852,1215.7164837034445,1215.7164837034445,1215.7164837034445,0.0,0.0,0.0,5587.590569801398
46293,46293,2020-02-06 21:00:00,4127.798156984132,2542.8844889437223,8013.365049939483,2766.1966327705245,5559.3777042994225,1245.7656711820828,1245.7656711820828,1245.7656711820828,191.5644831556933,191.5644831556933,191.5644831556933,-155.66915835952332,-155.66915835952332,-155.66915835952332,1209.8703463859124,1209.8703463859124,1209.8703463859124,0.0,0.0,0.0,5373.563828166215
46294,46294,2020-02-07 21:00:00,4129.531545862711,2602.1835383030066,7928.723448711917,2759.945460915067,5567.23381383953,1303.9393546864135,1303.9393546864135,1303.9393546864135,191.56448315606164,191.56448315606164,191.56448315606164,-91.7053390077586,-91.7053390077586,-91.7053390077586,1204.0802105381106,1204.0802105381106,1204.0802105381106,0.0,0.0,0.0,5433.470900549125
46295,46295,2020-02-08 21:00:00,4131.26493474129,2620.890558709422,8382.523778374305,2754.166795855555,5573.4948306395045,1531.68329539352,1531.68329539352,1531.68329539352,191.56448315605445,191.56448315605445,191.56448315605445,141.38736416676952,141.38736416676952,141.38736416676952,1198.7314480706955,1198.7314480706955,1198.7314480706955,0.0,0.0,0.0,5662.94823013481
46296,46296,2020-02-09 21:00:00,4132.998323619869,2867.9963169205885,8590.523784197538,2749.064451047337,5576.58175516861,1587.8217866891541,1587.8217866891541,1587.8217866891541,191.5644831557753,191.5644831557753,191.5644831557753,202.0477559930268,202.0477559930268,202.0477559930268,1194.209547540352,1194.209547540352,1194.209547540352,0.0,0.0,0.0,5720.820110309023
46297,46297,2020-02-10 21:00:00,4134.731712498447,2563.642731157608,8297.172854403518,2741.6731101224273,5586.911358336421,1347.4827255336852,1347.4827255336852,1347.4827255336852,191.5644831561436,191.5644831561436,191.5644831561436,-34.969174482268045,-34.969174482268045,-34.969174482268045,1190.8874168598095,1190.8874168598095,1190.8874168598095,0.0,0.0,0.0,5482.2144380321315
46298,46298,2020-02-11 21:00:00,4136.465101377025,2595.3349953191464,8027.428624034527,2735.271337630089,5595.534076573212,1265.3411032835236,1265.3411032835236,1265.3411032835236,191.56448315613648,191.56448315613648,191.56448315613648,-115.33628314653022,-115.33628314653022,-115.33628314653022,1189.112903273917,1189.112903273917,1189.112903273917,0.0,0.0,0.0,5401.80620466055
46299,46299,2020-02-12 21:00:00,4138.198490255605,2835.6816327166084,8485.668510951296,2728.8695651377507,5601.886223772685,1435.0062125452225,1435.0062125452225,1435.0062125452225,191.5644831558573,191.5644831558573,191.5644831558573,54.244834836704776,54.244834836704776,54.244834836704776,1189.1968945526598,1189.1968945526598,1189.1968945526598,0.0,0.0,0.0,5573.204702800826
46300,46300,2020-02-13 21:00:00,4139.931879134184,2570.7308481961336,8242.635617082455,2722.52961917604,5608.139476670259,1227.2976715496332,1227.2976715496332,1227.2976715496332,191.56448315585016,191.56448315585016,191.56448315585016,-155.66915835962828,-155.66915835962828,-155.66915835962828,1191.4023467534112,1191.4023467534112,1191.4023467534112,0.0,0.0,0.0,5367.229550683817
46301,46301,2020-02-14 21:00:00,4141.665268012762,2704.6896821298183,8034.725407349048,2716.506322170404,5614.3927295678295,1295.7936995841067,1295.7936995841067,1295.7936995841067,191.56448315621844,191.56448315621844,191.56448315621844,-91.7053390074724,-91.7053390074724,-91.7053390074724,1195.9345554353606,1195.9345554353606,1195.9345554353606,0.0,0.0,0.0,5437.458967596868
46302,46302,2020-02-15 21:00:00,4143.398656891341,2825.787393196593,8362.417626384591,2711.428152842156,5620.645982465399,1535.884797119487,1535.884797119487,1535.884797119487,191.56448315621128,191.56448315621128,191.56448315621128,141.38736416702213,141.38736416702213,141.38736416702213,1202.9329497962535,1202.9329497962535,1202.9329497962535,0.0,0.0,0.0,5679.283454010828
46303,46303,2020-02-16 21:00:00,4145.1320457699185,3164.141246318776,8547.564026252328,2711.030018401349,5626.899235362971,1606.0768831885255,1606.0768831885255,1606.0768831885255,191.56448315593212,191.56448315593212,191.56448315593212,202.04775599312603,202.04775599312603,202.04775599312603,1212.4646440394672,1212.4646440394672,1212.4646440394672,0.0,0.0,0.0,5751.208928958445
46304,46304,2020-02-17 21:00:00,4146.865434648498,2561.094106319122,8568.006015417192,2712.217936989182,5635.087409950876,1381.1152374245605,1381.1152374245605,1381.1152374245605,191.564483155925,191.564483155925,191.564483155925,-34.969174481521584,-34.969174481521584,-34.969174481521584,1224.519928750157,1224.519928750157,1224.519928750157,0.0,0.0,0.0,5527.980672073058
46305,46305,2020-02-18 21:00:00,4148.598823527076,2776.294230832857,8216.350625321575,2713.405855577014,5647.684422624124,1315.2380287731153,1315.2380287731153,1315.2380287731153,191.5644831562933,191.5644831562933,191.5644831562933,-115.33628314648487,-115.33628314648487,-115.33628314648487,1239.0098287633064,1239.0098287633064,1239.0098287633064,0.0,0.0,0.0,5463.836852300192
46306,46306,2020-02-19 21:00:00,4150.332212405655,2905.786862259159,8399.09838407654,2710.516015324706,5653.822969539363,1501.5751126006394,1501.5751126006394,1501.5751126006394,191.5644831556386,191.5644831556386,191.5644831556386,54.24483483671107,54.24483483671107,54.24483483671107,1255.7657946082895,1255.7657946082895,1255.7657946082895,0.0,0.0,0.0,5651.907325006294
46307,46307,2020-02-20 21:00:00,4152.065601284234,2545.012698293905,8313.14570108308,2699.0876900860308,5658.401167370035,1310.436858710667,1310.436858710667,1310.436858710667,191.56448315600696,191.56448315600696,191.56448315600696,-155.66915835980186,-155.66915835980186,-155.66915835980186,1274.5415339144615,1274.5415339144615,1274.5415339144615,0.0,0.0,0.0,5462.502459994901
46308,46308,2020-02-21 21:00:00,4153.798990162813,2788.9642333490615,8219.615946186206,2688.3401024622603,5668.400205156815,1394.8760730755328,1394.8760730755328,1394.8760730755328,191.5644831559998,191.5644831559998,191.5644831559998,-91.7053390075674,-91.7053390075674,-91.7053390075674,1295.0169289271005,1295.0169289271005,1295.0169289271005,0.0,0.0,0.0,5548.6750632383455
46309,46309,2020-02-22 21:00:00,4155.5323790413895,3127.913451027283,8648.921767950933,2682.043948137641,5684.5990597557275,1649.7557756002218,1649.7557756002218,1649.7557756002218,191.56448315572064,191.56448315572064,191.56448315572064,141.3873641659532,141.3873641659532,141.3873641659532,1316.803928278548,1316.803928278548,1316.803928278548,0.0,0.0,0.0,5805.288154641613
46310,46310,2020-02-23 21:00:00,4157.265767919969,3189.7065578085944,8689.436950384246,2680.1061972872226,5692.255461695511,1733.0664861966202,1733.0664861966202,1733.0664861966202,191.56448315571348,191.56448315571348,191.56448315571348,202.0477559926157,202.0477559926157,202.0477559926157,1339.4542470482907,1339.4542470482907,1339.4542470482907,0.0,0.0,0.0,5890.332254116589
46311,46311,2020-02-24 21:00:00,4158.999156798547,2760.8111565259883,8370.451715634877,2676.21776890866,5694.397974435094,1519.0639691394504,1519.0639691394504,1519.0639691394504,191.56448315608182,191.56448315608182,191.56448315608182,-34.969174481610914,-34.969174481610914,-34.969174481610914,1362.4686604649796,1362.4686604649796,1362.4686604649796,0.0,0.0,0.0,5678.063125937998
46312,46312,2020-02-25 21:00:00,4160.732545677126,2959.9981878589238,8414.938645609775,2671.4762184946867,5696.540487174677,1461.535834705455,1461.535834705455,1461.535834705455,191.56448315607463,191.56448315607463,191.56448315607463,-115.33628314643957,-115.33628314643957,-115.33628314643957,1385.30763469582,1385.30763469582,1385.30763469582,0.0,0.0,0.0,5622.26838038258
46313,46313,2020-02-26 21:00:00,4162.465934555705,2891.551133868232,8566.26768700711,2662.549729456309,5700.847990761517,1653.2123221829493,1653.2123221829493,1653.2123221829493,191.56448315579553,191.56448315579553,191.56448315579553,54.24483483671731,54.24483483671731,54.24483483671731,1407.4030041904364,1407.4030041904364,1407.4030041904364,0.0,0.0,0.0,5815.6782567386535
46314,46314,2020-02-27 21:00:00,4164.199323434284,2689.1798901711522,8524.744422716494,2657.325229372615,5707.338453839361,1464.065704646076,1464.065704646076,1464.065704646076,191.5644831557883,191.5644831557883,191.5644831557883,-155.66915835983826,-155.66915835983826,-155.66915835983826,1428.170379850126,1428.170379850126,1428.170379850126,0.0,0.0,0.0,5628.265028080359
46315,46315,2020-02-28 21:00:00,4165.932712312862,2947.6068296535805,8469.702174425425,2652.5977216313986,5713.5759291105505,1546.8811006768758,1546.8811006768758,1546.8811006768758,191.56448315615663,191.56448315615663,191.56448315615663,-91.70533900804674,-91.70533900804674,-91.70533900804674,1447.0219565287662,1447.0219565287662,1447.0219565287662,0.0,0.0,0.0,5712.813812989738
46316,46316,2020-02-29 21:00:00,4167.66610119144,3023.197973448938,8916.937708160704,2647.870213890185,5719.5921148218285,1796.331229647933,1796.331229647933,1796.331229647933,191.56448315587747,191.56448315587747,191.56448315587747,141.3873641662058,141.3873641662058,141.3873641662058,1463.3793823258495,1463.3793823258495,1463.3793823258495,0.0,0.0,0.0,5963.997330839373
46317,46317,2020-03-01 21:00:00,4169.399490070019,3106.941383310099,8820.05639561647,2643.142706148969,5725.6083005331075,1870.2985950120135,1870.2985950120135,1870.2985950120135,191.56448315587028,191.56448315587028,191.56448315587028,202.04775599271497,202.04775599271497,202.04775599271497,1476.6863558634286,1476.6863558634286,1476.6863558634286,0.0,0.0,0.0,6039.698085082033
46318,46318,2020-03-02 21:00:00,4171.132878948598,3092.297153859964,8769.478064390503,2638.9302252787725,5731.624486244388,1643.0159396350296,1643.0159396350296,1643.0159396350296,191.5644831562386,191.5644831562386,191.5644831562386,-34.969174481974484,-34.969174481974484,-34.969174481974484,1486.4206309607655,1486.4206309607655,1486.4206309607655,0.0,0.0,0.0,5814.148818583628
46319,46319,2020-03-03 21:00:00,4172.866267827176,3052.169474085317,8685.152794439258,2635.0060164986153,5737.640671955666,1568.3333303098675,1568.3333303098675,1568.3333303098675,191.56448315623143,191.56448315623143,191.56448315623143,-115.3362831463942,-115.3362831463942,-115.3362831463942,1492.1051303000302,1492.1051303000302,1492.1051303000302,0.0,0.0,0.0,5741.199598137044
46320,46320,2020-03-04 21:00:00,4174.599656705755,2826.987297629151,8926.967396154967,2630.2074425656424,5744.663675502625,1739.127217995649,1739.127217995649,1739.127217995649,191.56448315595227,191.56448315595227,191.56448315595227,54.244834836706104,54.244834836706104,54.244834836706104,1493.3179000029907,1493.3179000029907,1493.3179000029907,0.0,0.0,0.0,5913.726874701404
46321,46321,2020-03-05 21:00:00,4176.3330455843325,2865.7494874155764,8578.043736666868,2618.332519817035,5752.91963123513,1525.5959992701398,1525.5959992701398,1525.5959992701398,191.56448315594517,191.56448315594517,191.56448315594517,-155.66915836001178,-155.66915836001178,-155.66915836001178,1489.7006744742066,1489.7006744742066,1489.7006744742066,0.0,0.0,0.0,5701.9290448544725
46322,46322,2020-03-06 21:00:00,4178.06643446291,3176.9865055309865,8537.391821924353,2610.277751931017,5768.452146871539,1580.8250083153052,1580.8250083153052,1580.8250083153052,191.5644831563134,191.5644831563134,191.5644831563134,-91.70533900795108,-91.70533900795108,-91.70533900795108,1480.965864166943,1480.965864166943,1480.965864166943,0.0,0.0,0.0,5758.8914427782165
46323,46323,2020-03-07 21:00:00,4179.79982334149,3133.008955411471,8750.570596529325,2595.561139219105,5781.869926225244,1799.8536740257248,1799.8536740257248,1799.8536740257248,191.5644831556588,191.5644831556588,191.5644831556588,141.38736416645844,141.38736416645844,141.38736416645844,1466.9018267036074,1466.9018267036074,1466.9018267036074,0.0,0.0,0.0,5979.653497367216
46324,46324,2020-03-08 21:00:00,4181.53321222007,3131.1136547657325,9013.692986993941,2587.7018112273804,5790.844605307493,1840.9885716612334,1840.9885716612334,1840.9885716612334,191.56448315602714,191.56448315602714,191.56448315602714,202.04775599250942,202.04775599250942,202.04775599250942,1447.3763325126968,1447.3763325126968,1447.3763325126968,0.0,0.0,0.0,6022.521783881302
46325,46325,2020-03-09 21:00:00,4183.2666010986495,2803.0869430029356,8665.17497326595,2581.951982933684,5795.7641806353695,1578.9334969330448,1578.9334969330448,1578.9334969330448,191.56448315601997,191.56448315601997,191.56448315601997,-34.96917448178953,-34.96917448178953,-34.96917448178953,1422.3381882588144,1422.3381882588144,1422.3381882588144,0.0,0.0,0.0,5762.200098031693
46326,46326,2020-03-10 21:00:00,4184.999989977227,2800.318995475979,8491.41901205297,2577.003721298315,5800.578613624885,1468.0452332446416,1468.0452332446416,1468.0452332446416,191.56448315574082,191.56448315574082,191.56448315574082,-115.33628314664664,-115.33628314664664,-115.33628314664664,1391.8170332355478,1391.8170332355478,1391.8170332355478,0.0,0.0,0.0,5653.04522322187
46327,46327,2020-03-11 21:00:00,4186.733378855805,3043.683787754141,8497.074810442598,2572.068738024852,5805.11889660336,1601.7306920045166,1601.7306920045166,1601.7306920045166,191.56448315573365,191.56448315573365,191.56448315573365,54.24483483677947,54.24483483677947,54.24483483677947,1355.9213740120035,1355.9213740120035,1355.9213740120035,0.0,0.0,0.0,5788.464070860322
46328,46328,2020-03-12 21:00:00,4188.466767734383,2743.2857111363824,8484.689902648091,2567.1337547513917,5813.750125839814,1350.7302942682961,1350.7302942682961,1350.7302942682961,191.56448315610194,191.56448315610194,191.56448315610194,-155.66915836018532,-155.66915836018532,-155.66915836018532,1314.8349694723795,1314.8349694723795,1314.8349694723795,0.0,0.0,0.0,5539.19706200268
46329,46329,2020-03-13 21:00:00,4190.200156612962,2870.0047660233618,8578.895461557473,2562.262545719909,5822.381355076274,1368.6708647741914,1368.6708647741914,1368.6708647741914,191.5644831560948,191.5644831560948,191.5644831560948,-91.70533900785549,-91.70533900785549,-91.70533900785549,1268.811720625952,1268.811720625952,1268.811720625952,0.0,0.0,0.0,5558.871021387154
46330,46330,2020-03-14 21:00:00,4191.933545491541,2873.8965850987074,8625.424391927258,2557.712551421332,5831.22093521383,1551.1211033003076,1551.1211033003076,1551.1211033003076,191.5644831558156,191.5644831558156,191.5644831558156,141.38736416671102,141.38736416671102,141.38736416671102,1218.1692559777807,1218.1692559777807,1218.1692559777807,0.0,0.0,0.0,5743.054648791848
46331,46331,2020-03-15 21:00:00,4193.6669343701205,2884.380265830272,8626.780271964466,2553.162557122755,5844.4413212300915,1556.8936720091706,1556.8936720091706,1556.8936720091706,191.5644831558085,191.5644831558085,191.5644831558085,202.04775599305376,202.04775599305376,202.04775599305376,1163.2814328603085,1163.2814328603085,1163.2814328603085,0.0,0.0,0.0,5750.560606379289
46332,46332,2020-03-16 21:00:00,4195.400323248698,2336.397472806751,8480.438935411701,2548.612562824176,5857.661707246355,1261.1653058432685,1261.1653058432685,1261.1653058432685,191.5644831561768,191.5644831561768,191.5644831561768,-34.96917448215312,-34.96917448215312,-34.96917448215312,1104.569997169245,1104.569997169245,1104.569997169245,0.0,0.0,0.0,5456.565629091967
46333,46333,2020-03-17 21:00:00,4197.133712127276,2475.3843444474355,8233.314572039842,2541.00463552732,5870.882093262612,1118.7238579051402,1118.7238579051402,1118.7238579051402,191.5644831558976,191.5644831558976,191.5644831558976,-115.33628314660128,-115.33628314660128,-115.33628314660128,1042.495657895844,1042.495657895844,1042.495657895844,0.0,0.0,0.0,5315.857570032415
46334,46334,2020-03-18 21:00:00,4198.867101005855,2627.749499599627,8307.062553346983,2533.062739296334,5880.616599894546,1223.3581564681824,1223.3581564681824,1223.3581564681824,191.56448315589043,191.56448315589043,191.56448315589043,54.24483483671862,54.24483483671862,54.24483483671862,977.5488384755737,977.5488384755737,977.5488384755737,0.0,0.0,0.0,5422.225257474038
46335,46335,2020-03-19 21:00:00,4200.600489884434,2028.2074316891226,7974.341748705459,2527.126584484772,5889.1436106561305,946.1356890711928,946.1356890711928,946.1356890711928,191.56448315625875,191.56448315625875,191.56448315625875,-155.66915836029028,-155.66915836029028,-155.66915836029028,910.2403642752244,910.2403642752244,910.2403642752244,0.0,0.0,0.0,5146.736178955627
46336,46336,2020-03-20 21:00:00,4202.333878763013,2456.3665151588816,8015.0531062080945,2524.097934701703,5902.940871869593,940.9514789684875,940.9514789684875,940.9514789684875,191.56448315560414,191.56448315560414,191.56448315560414,-91.70533900852541,-91.70533900852541,-91.70533900852541,841.0923348214089,841.0923348214089,841.0923348214089,0.0,0.0,0.0,5143.2853577315
46337,46337,2020-03-21 21:00:00,4204.067267641592,2373.418461083711,8308.251611583231,2521.0692849186325,5916.73813308305,1103.58125846737,1103.58125846737,1103.58125846737,191.56448315597245,191.56448315597245,191.56448315597245,141.3873641666888,141.3873641666888,141.3873641666888,770.6294111447086,770.6294111447086,770.6294111447086,0.0,0.0,0.0,5307.64852610896
46338,46338,2020-03-22 21:00:00,4205.8006565201695,2229.5493690198905,8284.278072476807,2518.0406351355623,5930.53539429651,1092.9829628217417,1092.9829628217417,1092.9829628217417,191.56448315596532,191.56448315596532,191.56448315596532,202.0477559928483,202.0477559928483,202.0477559928483,699.370723672928,699.370723672928,699.370723672928,0.0,0.0,0.0,5298.7836193419125
46339,46339,2020-03-23 21:00:00,4207.534045398747,2088.8472723075697,7924.598655798667,2514.0552618327524,5944.332655509961,784.4178840668751,784.4178840668751,784.4178840668751,191.56448315633358,191.56448315633358,191.56448315633358,-34.96917448251671,-34.96917448251671,-34.96917448251671,627.8225753930583,627.8225753930583,627.8225753930583,0.0,0.0,0.0,4991.951929465622
46340,46340,2020-03-24 21:00:00,4209.267434277326,2050.5265383528063,8004.644377444537,2508.891111728186,5958.129916723418,632.7002797025983,632.7002797025983,632.7002797025983,191.56448315567891,191.56448315567891,191.56448315567891,-115.33628314655594,-115.33628314655594,-115.33628314655594,556.4720796934754,556.4720796934754,556.4720796934754,0.0,0.0,0.0,4841.967713979924
46341,46341,2020-03-25 21:00:00,4211.000823155905,2019.8554759489996,7891.610529493694,2503.7269616236194,5971.690552044002,731.591151639476,731.591151639476,731.591151639476,191.5644831560473,191.5644831560473,191.5644831560473,54.24483483672491,54.24483483672491,54.24483483672491,485.7818336467039,485.7818336467039,485.7818336467039,0.0,0.0,0.0,4942.591974795381
46342,46342,2020-03-26 21:00:00,4212.734212034485,1855.7745457866104,7589.010439795124,2496.294638829245,5983.360636368553,452.0810116827871,452.0810116827871,452.0810116827871,191.56448315604013,191.56448315604013,191.56448315604013,-155.6691583597311,-155.6691583597311,-155.6691583597311,416.18568688647804,416.18568688647804,416.18568688647804,0.0,0.0,0.0,4664.815223717271
46343,46343,2020-03-27 21:00:00,4214.467600913063,1737.8911261918954,7602.478720030966,2488.837761170441,5991.0447069820975,447.9447692220263,447.9447692220263,447.9447692220263,191.5644831557609,191.5644831557609,191.5644831557609,-91.7053390082392,-91.7053390082392,-91.7053390082392,348.0856250745045,348.0856250745045,348.0856250745045,0.0,0.0,0.0,4662.412370135089
46344,46344,2020-03-28 21:00:00,4216.200989791641,1963.8719611749664,7717.674177318056,2481.380883511637,6010.272906006618,614.8015939869533,614.8015939869533,614.8015939869533,191.56448315575375,191.56448315575375,191.56448315575375,141.38736416721633,141.38736416721633,141.38736416721633,281.8497466639833,281.8497466639833,281.8497466639833,0.0,0.0,0.0,4831.002583778595
46345,46345,2020-03-29 21:00:00,4217.934378670219,1915.9179246142464,7838.463419639334,2473.9240058528353,6018.403289502776,611.4235127566119,611.4235127566119,611.4235127566119,191.5644831561221,191.5644831561221,191.5644831561221,202.04775599294751,202.04775599294751,202.04775599294751,217.81127360754232,217.81127360754232,217.81127360754232,0.0,0.0,0.0,4829.357891426831
46346,46346,2020-03-30 21:00:00,4219.667767548798,1533.7800431382702,7279.4348135819155,2466.467128194032,6026.126882612994,312.8638107827573,312.8638107827573,312.8638107827573,191.56448315611493,191.56448315611493,191.56448315611493,-34.96917448233177,-34.96917448233177,-34.96917448233177,156.26850210897416,156.26850210897416,156.26850210897416,0.0,0.0,0.0,4532.5315783315555
